{"cameraMode":{"drawMode":0,"name":"Shaded","section":"Shading Mode"},"sceneLighting":true,"audioPlay":false,"sceneViewState":{"showFog":true,"showMaterialUpdate":false,"showSkybox":true,"showFlares":true,"showImageEffects":true,"showParticleSystems":true},"in2DMode":false,"pivot":{"x":-21.44813346862793,"y":8.062420845031739,"z":-13.616108894348145},"rotation":{"x":0.05919807776808739,"y":0.7285524606704712,"z":-0.06347639113664627,"w":0.6796023845672607},"size":1.0606602430343629,"orthographic":false}