{"cameraMode":{"drawMode":0,"name":"Shaded","section":"Shading Mode"},"sceneLighting":true,"audioPlay":false,"sceneViewState":{"showFog":true,"showMaterialUpdate":false,"showSkybox":true,"showFlares":true,"showImageEffects":true,"showParticleSystems":true},"in2DMode":false,"pivot":{"x":7.549885272979736,"y":-5.576770305633545,"z":-0.9419625401496887},"rotation":{"x":-0.14409002661705018,"y":-0.6709290742874146,"z":0.13522496819496156,"w":-0.7148138880729675},"size":11.388388633728028,"orthographic":false}