{"cameraMode":{"drawMode":0,"name":"Shaded","section":"Shading Mode"},"sceneLighting":true,"audioPlay":false,"sceneViewState":{"showFog":true,"showMaterialUpdate":false,"showSkybox":true,"showFlares":true,"showImageEffects":true,"showParticleSystems":true},"in2DMode":false,"pivot":{"x":-9.579693794250489,"y":0.843589723110199,"z":-0.09782831370830536},"rotation":{"x":-0.031849514693021777,"y":-0.5571548342704773,"z":0.021436519920825959,"w":-0.8295968770980835},"size":1.9145904779434205,"orthographic":false}